<repository rep_Id="11" fldr_Id="-1" nm="DIREP" description="DI Repository" updateBy="rpunuru" lastUpdateBy="rpunuru" updateDt="2016-08-24 17:45:34.394 UTC" error_Cd="0" error_Msg="" change_Ind="N" ver="36380000" exportLevel="CONN" build_Id="2088" relVer="3.6.0" patch_Id="014" global_Fldr_Id="-1">
  <folders>
    <fldrObject repositoryName="DIREP" error_Cd="0" error_Msg="">
      <fldr fldr_Id="79360" nm="ingest_cl_b85p" description="" updateBy="Administrator" lastUpdateBy="Administrator" updateDt="2017-02-21 20:18:34.833 UTC" reusableFlag="N" error_Cd="0" error_Msg="" change_Ind="N"/>
      <dataObjects/>
      <dBFuns/>
      <udfs/>
      <layers/>
      <connections>
        <repConn fldr_Id="79360" lockBy="" mode_Ind="W" unlock_Ind="N" change_Ind="N" error_Cd="0" error_Msg="" ref_Id="-1" ref_Cd="" reusableFlag="N" isDependent="false" isLinkExist="false" fldrNm="ingest_cl_b85p">
          <conn conn_Id="79505" nm="CL_BC5C_SCOTIAPRO" aliasNm="DB2" host="10.235.1.218" port="9470" nativeFlag="N" connParamNm="$CN_DB_DB2_CL_BC5C_SCOTIAPRO" dbTyp_Id="5" connType="iSeries" ver="35" description="" valid_Cd="0" updateDt="2017-08-09 13:51:37.228 UTC" updateBy="lmaddineni" hdfshost="" hdfsport="" wrhloc="" hadoop_Dist="DB2" flagent_Id="178008" fileloc="$$SrcFileDir" ftpFlag="N" ftpHost="" ftpPort="" ftpUsr="" ftpPasswd="" fileProtocol="FTP" secAuth="Simple" hive_Principal="" user_Principal="" secKeyTab="" secToken="" url="https://www.salesforce.com/services/Soap/c/23.0" dbVersion="V7R1" exe_Engine="mr" hdfs_Temp_Loc="/tmp" yarnRMHost="" yarnRMPort="" mrJobHistHost="" mrJobHistPort="" hdfsPrincipal="" yarnPrincipal="" mapRedPrincipal="" hdfs_Location="" jobTracker_Host="" jobTracker_Port="" agentGrpInd="A" dbAliasNm="DESCYFILES" hbase_Master_Host="" hbase_Master_Port="" zookeeper_Quorum_Host="" zookeeper_Client_Port="" hbase_Location="" spark_WebUrl_Port="" zookeeper_Znode_Parent="/hbase" consumerKey="" consumerSecret="" accessToken="" accessTokenSecret="" queueNm="" kerb_Server="" kdc_Host="" default_Releam="" archive_Dir_Flg="N" archive_Dir_Loc="$$ArchFileDir">
            <hiveServe2HACnf_Flg>N</hiveServe2HACnf_Flg>
            <dfsHAConfig_Flg>N</dfsHAConfig_Flg>
            <dfsNameService></dfsNameService>
            <nameNodeIDs></nameNodeIDs>
            <rpcAddrNameNodeID1></rpcAddrNameNodeID1>
            <rpcAddrNameNodeID2></rpcAddrNameNodeID2>
            <zookeeperNameSpace></zookeeperNameSpace>
            <amazonS3Host></amazonS3Host>
            <bucketNm></bucketNm>
            <tempLoc_Azs3></tempLoc_Azs3>
            <amzon_s3_mount></amzon_s3_mount>
            <clusterNm></clusterNm>
            <jmsProvider>JMS</jmsProvider>
            <jmsProviderURL></jmsProviderURL>
            <destinationType>Topic</destinationType>
            <destinationNm></destinationNm>
            <connectionFactory></connectionFactory>
            <instSqlNm></instSqlNm>
            <sparkMode></sparkMode>
            <sparkYarnJarLocation></sparkYarnJarLocation>
            <hadoop_Conf_Path>$DI_HOME/app/control/hadoop/conf</hadoop_Conf_Path>
            <hdfs_SecAuth></hdfs_SecAuth>
            <sftpAuthMode></sftpAuthMode>
            <pvtKeyFileNm></pvtKeyFileNm>
          </conn>
          <conn_Dbs>
            <conn_Db conn_Id="79505" conn_Db_Id="79505000" nm="ia5cyfiles" description="79505000" databaseNm="DATABASE_1" dbParamNm="$DB_DB_DB2_CL_BC5C_SCOTIAPRO_IA5CYFILES" schemaNm="DESCYFILES" schemaParamNm="$SC_DB_DB2_CL_BC5C_SCOTIAPRO_IA5CYFILES_DESCYFILES" stgDb_Flag="N" srt_Order="0" updateDt="2017-08-09 14:08:14.943 UTC" updateBy="srana1"/>
            <conn_Db conn_Id="79505" conn_Db_Id="79505001" nm="ia5ssadat" description="79505001" databaseNm="DATABASE_1" dbParamNm="$DB_DB_DB2_CL_BC5C_SCOTIAPRO_IA5SSADAT" schemaNm="DESSSADAT" schemaParamNm="$SC_DB_DB2_CL_BC5C_SCOTIAPRO_IA5SSADAT_DESSSADAT" stgDb_Flag="N" srt_Order="1" updateDt="2017-08-09 14:08:14.943 UTC" updateBy="srana1"/>
          </conn_Dbs>
          <conn_Usr conn_Id="79505" conn_Usr_Id="79505" conn_Usr="DESFTPDWH" usrPasswd="ueFYZiDjfSJyF+PC7aDDiQ==" connUsrParamNm="" usrPasswdParamNm="" updateDt="2017-08-09 14:08:14.946 UTC" updateBy="srana1"/>
          <flagent flagent_Id="178008" nm="DI_Agent_Chile3" description="DI Agent Chile 3 INC0777621 " host="172.26.142.59" port="9102" drFlag="Y" updateDt="2017-07-24 19:26:17.449 UTC" updateBy="ashah" error_Cd="0" error_Msg=""/>
          <flagent_Grp flagent_Grp_Id="-1" nm="" description="" updateDt="1900-01-01 00:00:00.0 UTC" updateBy="" error_Cd="0" error_Msg=""/>
          <conn_Obj_Properties/>
        </repConn>
      </connections>
      <reusables/>
      <nativeSequences/>
    </fldrObject>
  </folders>
</repository>