<repository rep_Id="11" fldr_Id="-1" nm="DIREP" description="DI Repository" updateBy="rpunuru" lastUpdateBy="rpunuru" updateDt="2016-08-24 17:45:34.394 UTC" error_Cd="0" error_Msg="" change_Ind="N" ver="36380000" exportLevel="CONN" build_Id="2088" relVer="3.6.0" patch_Id="014" global_Fldr_Id="-1">
  <folders>
    <fldrObject repositoryName="DIREP" error_Cd="0" error_Msg="">
      <fldr fldr_Id="78287" nm="ingest_cr_bc4p" description="" updateBy="Administrator" lastUpdateBy="Administrator" updateDt="2017-02-16 18:53:15.648 UTC" reusableFlag="N" error_Cd="0" error_Msg="" change_Ind="N"/>
      <dataObjects/>
      <dBFuns/>
      <udfs/>
      <layers/>
      <connections>
        <repConn fldr_Id="78287" lockBy="" mode_Ind="W" unlock_Ind="N" change_Ind="N" error_Cd="0" error_Msg="" ref_Id="-1" ref_Cd="" reusableFlag="N" isDependent="false" isLinkExist="false" fldrNm="ingest_cr_bc4p">
          <conn conn_Id="95363" nm="HDP_HD0" aliasNm="HADOOP" host="sddsvrwm369.scglobaluat.aduat.scotiacapital.com" port="10000" nativeFlag="Y" connParamNm="$CN_HV_HADOOP_HDP_HD0" dbTyp_Id="6" connType="Hive" ver="1076" description="" valid_Cd="0" updateDt="2017-08-11 11:48:51.919 UTC" updateBy="lmaddineni" hdfshost="sddsvrwm367.scglobaluat.aduat.scotiacapital.com" hdfsport="8020" wrhloc="" hadoop_Dist="Hortonworks" flagent_Id="3022" fileloc="$$SrcFileDir" ftpFlag="N" ftpHost="" ftpPort="" ftpUsr="" ftpPasswd="" fileProtocol="FTP" secAuth="Kerberos" hive_Principal="hive/sddsvrwm369.scglobaluat.aduat.scotiacapital.com@SCGLOBALUAT.ADUAT.SCOTIACAPITAL.COM" user_Principal="latammisetlsvc@SCGLOBALUAT.ADUAT.SCOTIACAPITAL.COM" secKeyTab="/home/lmaddineni/latammisetlsvc.keytab" secToken="" url="https://www.salesforce.com/services/Soap/c/23.0" dbVersion="2.3.4" exe_Engine="tez" hdfs_Temp_Loc="/user/latammisetlsvc" yarnRMHost="sddsvrwm368.scglobaluat.aduat.scotiacapital.com" yarnRMPort="8050" mrJobHistHost="sddsvrwm369.scglobaluat.aduat.scotiacapital.com" mrJobHistPort="10020" hdfsPrincipal="dn/sddsvrwm368.scglobaluat.aduat.scotiacapital.com@SCGLOBALUAT.ADUAT.SCOTIACAPITAL.COM" yarnPrincipal="rm/sddsvrwm368.scglobaluat.aduat.scotiacapital.com@SCGLOBALUAT.ADUAT.SCOTIACAPITAL.COM" mapRedPrincipal="jhs/sddsvrwm369.scglobaluat.aduat.scotiacapital.com@SCGLOBALUAT.ADUAT.SCOTIACAPITAL.COM" hdfs_Location="/tmp" jobTracker_Host="" jobTracker_Port="" agentGrpInd="G" dbAliasNm="" hbase_Master_Host="" hbase_Master_Port="" zookeeper_Quorum_Host="" zookeeper_Client_Port="" hbase_Location="" spark_WebUrl_Port="" zookeeper_Znode_Parent="/hbase" consumerKey="" consumerSecret="" accessToken="" accessTokenSecret="" queueNm="int_default" kerb_Server="scvmuatdc102.scglobaluat.aduat.scotiacapital.com" kdc_Host="scvmuatdc102.scglobaluat.aduat.scotiacapital.com" default_Releam="SCGLOBALUAT.ADUAT.SCOTIACAPITAL.COM" archive_Dir_Flg="N" archive_Dir_Loc="$$ArchFileDir">
            <hiveServe2HACnf_Flg>N</hiveServe2HACnf_Flg>
            <dfsHAConfig_Flg>Y</dfsHAConfig_Flg>
            <dfsNameService>hd0</dfsNameService>
            <nameNodeIDs>nn1,nn2</nameNodeIDs>
            <rpcAddrNameNodeID1>sddsvrwm368.scglobaluat.aduat.scotiacapital.com:8020</rpcAddrNameNodeID1>
            <rpcAddrNameNodeID2>sddsvrwm369.scglobaluat.aduat.scotiacapital.com:8020</rpcAddrNameNodeID2>
            <zookeeperNameSpace></zookeeperNameSpace>
            <amazonS3Host></amazonS3Host>
            <bucketNm></bucketNm>
            <tempLoc_Azs3></tempLoc_Azs3>
            <amzon_s3_mount></amzon_s3_mount>
            <clusterNm></clusterNm>
            <jmsProvider>JMS</jmsProvider>
            <jmsProviderURL></jmsProviderURL>
            <destinationType>Topic</destinationType>
            <destinationNm></destinationNm>
            <connectionFactory></connectionFactory>
            <instSqlNm></instSqlNm>
            <sparkMode></sparkMode>
            <sparkYarnJarLocation></sparkYarnJarLocation>
            <hadoop_Conf_Path>$DI_HOME/app/control/hadoop/conf</hadoop_Conf_Path>
            <hdfs_SecAuth>Kerberos</hdfs_SecAuth>
            <sftpAuthMode></sftpAuthMode>
            <pvtKeyFileNm></pvtKeyFileNm>
          </conn>
          <conn_Dbs>
            <conn_Db conn_Id="95363" conn_Db_Id="95363000" nm="dyota_pilot" description="95363000" databaseNm="dyota_pilot" dbParamNm="$DB_HV_HADOOP_HDP_HD0_DYOTA_PILOT" schemaNm="" schemaParamNm="$SC_HV_HADOOP_HDP_HD0_DYOTA_PILOT_" stgDb_Flag="N" srt_Order="0" updateDt="2017-08-11 11:48:52.409 UTC" updateBy="gsingh9"/>
            <conn_Db conn_Id="95363" conn_Db_Id="95363001" nm="dyota_tform" description="95363001" databaseNm="dyota_tform" dbParamNm="$DB_HV_HADOOP_HDP_HD0_DYOTA_TFORM" schemaNm="" schemaParamNm="$SC_HV_HADOOP_HDP_HD0_DYOTA_TFORM_" stgDb_Flag="Y" srt_Order="1" updateDt="2017-08-11 11:48:52.409 UTC" updateBy="gsingh9"/>
            <conn_Db conn_Id="95363" conn_Db_Id="95363002" nm="latam_mis" description="95363002" databaseNm="latam_mis" dbParamNm="$DB_HV_HADOOP_HDP_HD0_LATAM_MIS" schemaNm="" schemaParamNm="$SC_HV_HADOOP_HDP_HD0_LATAM_MIS_" stgDb_Flag="N" srt_Order="2" updateDt="2017-08-11 11:48:52.409 UTC" updateBy="gsingh9"/>
            </conn_Dbs>
          <conn_Usr conn_Id="95363" conn_Usr_Id="95363" conn_Usr="latammisetlsvc" usrPasswd="vL4vzgnVcPqTNLWotDsCmg==" connUsrParamNm="" usrPasswdParamNm="" updateDt="2017-08-11 11:48:52.411 UTC" updateBy="gsingh9"/>
          <flagent flagent_Id="-1" nm="" description="" host="" port="" drFlag="Y" updateDt="1900-01-01 00:00:00.0 UTC" updateBy="" error_Cd="0" error_Msg=""/>
          <flagent_Grp flagent_Grp_Id="3022" nm="edl_lin" description="Assigned edl_dev_lin to Project  ingest_mx_bbcy and edl_bbbf" updateDt="2017-08-01 19:06:36.189 UTC" updateBy="ashah" error_Cd="0" error_Msg=""/>
          <conn_Obj_Properties>
            <conn_Obj_Property conn_Id="95363" property_Cd="hive.exec.dynamic.partition.mode" property_Nm="hive.exec.dynamic.partition.mode" property_Val="nonstrict" srt_Order="2" property_Type="S"/>
            <conn_Obj_Property conn_Id="95363" property_Cd="hive.exec.dynamic.partition" property_Nm="hive.exec.dynamic.partition" property_Val="TRUE" srt_Order="2" property_Type="S"/>
            <conn_Obj_Property conn_Id="95363" property_Cd="hive.auto.convert.sortmerge.join" property_Nm="hive.auto.convert.sortmerge.join" property_Val="NA" srt_Order="3" property_Type="S"/>
            <conn_Obj_Property conn_Id="95363" property_Cd="hive.optimize.bucketmapjoin" property_Nm="hive.optimize.bucketmapjoin" property_Val="NA" srt_Order="4" property_Type="S"/>
            <conn_Obj_Property conn_Id="95363" property_Cd="hive.optimize.bucketmapjoin.sortedmerge" property_Nm="hive.optimize.bucketmapjoin.sortedmerge" property_Val="NA" srt_Order="5" property_Type="S"/>
            <conn_Obj_Property conn_Id="95363" property_Cd="hive.auto.convert.sortmerge.join.noconditionaltask" property_Nm="hive.auto.convert.sortmerge.join.noconditionaltask" property_Val="NA" srt_Order="6" property_Type="S"/>
            <conn_Obj_Property conn_Id="95363" property_Cd="hive.auto.convert.sortmerge.join.bigtable.selection.policy" property_Nm="hive.auto.convert.sortmerge.join.bigtable.selection.policy" property_Val="NA" srt_Order="7" property_Type="S"/>
            <conn_Obj_Property conn_Id="95363" property_Cd="mapred.map.output.compression.codec" property_Nm="mapred.map.output.compression.codec" property_Val="NA" srt_Order="10" property_Type="S"/>
            <conn_Obj_Property conn_Id="95363" property_Cd="mapred.output.compression.type" property_Nm="mapred.output.compression.type" property_Val="NA" srt_Order="12" property_Type="S"/>
          </conn_Obj_Properties>
        </repConn>
      </connections>
      <reusables/>
      <nativeSequences/>
    </fldrObject>
  </folders>
</repository>