<repository rep_Id="11" fldr_Id="-1" nm="DIREP" description="DI Repository" updateBy="rpunuru" lastUpdateBy="rpunuru" updateDt="2016-08-24 17:45:34.394 UTC" error_Cd="0" error_Msg="" change_Ind="N" ver="36330000" exportLevel="CONN" build_Id="2088" relVer="3.6.0" patch_Id="011" global_Fldr_Id="-1">
  <folders>
    <fldrObject repositoryName="DIREP" error_Cd="0" error_Msg="">
      <fldr fldr_Id="79376" nm="ingest_cl_b3v3" description="" updateBy="Administrator" lastUpdateBy="Administrator" updateDt="2017-02-21 20:23:07.477 UTC" reusableFlag="N" error_Cd="0" error_Msg="" change_Ind="N"/>
      <dataObjects/>
      <dBFuns/>
      <udfs/>
      <layers/>
      <connections>
        <repConn fldr_Id="79376" lockBy="" mode_Ind="W" unlock_Ind="N" change_Ind="N" error_Cd="0" error_Msg="" ref_Id="-1" ref_Cd="" reusableFlag="N" isDependent="false" isLinkExist="false" fldrNm="ingest_cl_b3v3">
          <conn conn_Id="253602" nm="TZ_SRC_SP_PANAMA_B6XP" aliasNm="DB2" host="10.235.28.184" port="21101" nativeFlag="N" connParamNm="$CN_DB_DB2_TZ_SRC_SP_PANAMA_B6XP" dbTyp_Id="5" connType="iSeries" ver="1" description="" valid_Cd="0" updateDt="2017-07-26 10:55:01.837 UTC" updateBy="srana1" hdfshost="" hdfsport="" wrhloc="" hadoop_Dist="DB2" flagent_Id="3022" fileloc="$$SrcFileDir" ftpFlag="N" ftpHost="" ftpPort="" ftpUsr="" ftpPasswd="" fileProtocol="FTP" secAuth="Simple" hive_Principal="" user_Principal="" secKeyTab="" secToken="" url="https://www.salesforce.com/services/Soap/c/23.0" dbVersion="V6R1" exe_Engine="mr" hdfs_Temp_Loc="/tmp" yarnRMHost="" yarnRMPort="" mrJobHistHost="" mrJobHistPort="" hdfsPrincipal="" yarnPrincipal="" mapRedPrincipal="" hdfs_Location="" jobTracker_Host="" jobTracker_Port="" agentGrpInd="G" dbAliasNm="bdcldc053" hbase_Master_Host="" hbase_Master_Port="" zookeeper_Quorum_Host="" zookeeper_Client_Port="" hbase_Location="" spark_WebUrl_Port="" zookeeper_Znode_Parent="/hbase" consumerKey="" consumerSecret="" accessToken="" accessTokenSecret="" queueNm="" kerb_Server="" kdc_Host="" default_Releam="" archive_Dir_Flg="N" archive_Dir_Loc="$$ArchFileDir">
            <hiveServe2HACnf_Flg>N</hiveServe2HACnf_Flg>
            <dfsHAConfig_Flg>N</dfsHAConfig_Flg>
            <dfsNameService></dfsNameService>
            <nameNodeIDs></nameNodeIDs>
            <rpcAddrNameNodeID1></rpcAddrNameNodeID1>
            <rpcAddrNameNodeID2></rpcAddrNameNodeID2>
            <zookeeperNameSpace></zookeeperNameSpace>
            <amazonS3Host></amazonS3Host>
            <bucketNm></bucketNm>
            <tempLoc_Azs3></tempLoc_Azs3>
            <amzon_s3_mount></amzon_s3_mount>
            <clusterNm></clusterNm>
            <jmsProvider>JMS</jmsProvider>
            <jmsProviderURL></jmsProviderURL>
            <destinationType>Topic</destinationType>
            <destinationNm></destinationNm>
            <connectionFactory></connectionFactory>
            <sparkMode></sparkMode>
            <sparkYarnJarLocation></sparkYarnJarLocation>
            <hadoop_Conf_Path>$DI_HOME/app/control/hadoop/conf</hadoop_Conf_Path>
            <hdfs_SecAuth>Simple</hdfs_SecAuth>
            <sftpAuthMode></sftpAuthMode>
            <pvtKeyFileNm></pvtKeyFileNm>
          </conn>
          <conn_Dbs>
            <conn_Db conn_Id="253602" conn_Db_Id="253602000" nm="DC9CYFILES" description="" databaseNm="bdcldc053" dbParamNm="$DB_DB_DB2_TZ_SRC_SP_PANAMA_B6XP_DC9CYFILES" schemaNm="DB9CYFILES" schemaParamNm="$SC_DB_DB2_TZ_SRC_SP_PANAMA_B6XP_DC9CYFILES_DB9CYFILES" stgDb_Flag="N" srt_Order="0" updateDt="2017-07-26 10:55:01.838 UTC" updateBy="srana1"/>
            <conn_Db conn_Id="253602" conn_Db_Id="253602001" nm="DATABASE_NAME_1" description="" databaseNm="bdcldc053" dbParamNm="$DB_DB_DB2_TZ_SRC_SP_PANAMA_B6XP_DATABASE_NAME_1" schemaNm="SYSIBM" schemaParamNm="$SC_DB_DB2_TZ_SRC_SP_PANAMA_B6XP_DATABASE_NAME_1_SYSIBM" stgDb_Flag="N" srt_Order="1" updateDt="2017-07-26 10:55:01.840 UTC" updateBy="srana1"/>
          </conn_Dbs>
          <conn_Usr conn_Id="253602" conn_Usr_Id="253602" conn_Usr="DB9USRJDBC" usrPasswd="CG9y3gYHenbDUfNDj7CUsQ==" connUsrParamNm="" usrPasswdParamNm="" updateDt="2017-07-26 10:55:01.841 UTC" updateBy="srana1"/>
          <flagent flagent_Id="-1" nm="" description="" host="" port="" drFlag="Y" updateDt="1900-01-01 00:00:00.0 UTC" updateBy="" error_Cd="0" error_Msg=""/>
          <flagent_Grp flagent_Grp_Id="3022" nm="edl_lin" description="Assigned edl_dev_lin to Project  ingest_mx_bbcy and edl_bbbf" updateDt="2017-08-01 19:06:36.189 UTC" updateBy="ashah" error_Cd="0" error_Msg=""/>
          <conn_Obj_Properties/>
        </repConn>
      </connections>
      <reusables/>
      <nativeSequences/>
    </fldrObject>
  </folders>
</repository>