<repository rep_Id="11" fldr_Id="-1" nm="DIREP" description="DI Repository" updateBy="rpunuru" lastUpdateBy="rpunuru" updateDt="2016-08-24 17:45:34.394 UTC" error_Cd="0" error_Msg="" change_Ind="N" ver="36380000" exportLevel="CONN" build_Id="2088" relVer="3.6.0" patch_Id="013" global_Fldr_Id="-1">
  <folders>
    <fldrObject repositoryName="DIREP" error_Cd="0" error_Msg="">
      <fldr fldr_Id="66600" nm="ingest_mx_bbcy" description="Scotia Pro" updateBy="Administrator" lastUpdateBy="Administrator" updateDt="2017-01-28 18:23:56.924 UTC" reusableFlag="N" error_Cd="0" error_Msg="" change_Ind="N"/>
      <dataObjects/>
      <dBFuns/>
      <udfs/>
      <layers/>
      <connections>
        <repConn fldr_Id="66600" lockBy="" mode_Ind="W" unlock_Ind="N" change_Ind="N" error_Cd="0" error_Msg="" ref_Id="-1" ref_Cd="" reusableFlag="N" isDependent="false" isLinkExist="false" fldrNm="ingest_mx_bbcy">
          <conn conn_Id="204916" nm="MEDL_SCOTIAPRO_TF6" aliasNm="DB2" host="172.19.150.7" port="9470" nativeFlag="N" connParamNm="$CN_DB_DB2_MEDL_SCOTIAPRO_TF6" dbTyp_Id="5" connType="iSeries" ver="13" description="" valid_Cd="0" updateDt="2017-08-11 04:39:17.740 UTC" updateBy="mbs" hdfshost="" hdfsport="" wrhloc="" hadoop_Dist="DB2" flagent_Id="66610" fileloc="$$SrcFileDir" ftpFlag="N" ftpHost="" ftpPort="" ftpUsr="" ftpPasswd="" fileProtocol="FTP" secAuth="Simple" hive_Principal="" user_Principal="" secKeyTab="" secToken="" url="https://www.salesforce.com/services/Soap/c/23.0" dbVersion="V7R1" exe_Engine="mr" hdfs_Temp_Loc="/tmp" yarnRMHost="" yarnRMPort="" mrJobHistHost="" mrJobHistPort="" hdfsPrincipal="" yarnPrincipal="" mapRedPrincipal="" hdfs_Location="" jobTracker_Host="" jobTracker_Port="" agentGrpInd="G" dbAliasNm="TF6CYFILES" hbase_Master_Host="" hbase_Master_Port="" zookeeper_Quorum_Host="" zookeeper_Client_Port="" hbase_Location="" spark_WebUrl_Port="" zookeeper_Znode_Parent="/hbase" consumerKey="" consumerSecret="" accessToken="" accessTokenSecret="" queueNm="" kerb_Server="" kdc_Host="" default_Releam="" archive_Dir_Flg="N" archive_Dir_Loc="$$ArchFileDir">
            <hiveServe2HACnf_Flg>N</hiveServe2HACnf_Flg>
            <dfsHAConfig_Flg>N</dfsHAConfig_Flg>
            <dfsNameService></dfsNameService>
            <nameNodeIDs></nameNodeIDs>
            <rpcAddrNameNodeID1></rpcAddrNameNodeID1>
            <rpcAddrNameNodeID2></rpcAddrNameNodeID2>
            <zookeeperNameSpace></zookeeperNameSpace>
            <amazonS3Host></amazonS3Host>
            <bucketNm></bucketNm>
            <tempLoc_Azs3></tempLoc_Azs3>
            <amzon_s3_mount></amzon_s3_mount>
            <clusterNm></clusterNm>
            <jmsProvider>JMS</jmsProvider>
            <jmsProviderURL></jmsProviderURL>
            <destinationType>Topic</destinationType>
            <destinationNm></destinationNm>
            <connectionFactory></connectionFactory>
            <instSqlNm></instSqlNm>
            <sparkMode></sparkMode>
            <sparkYarnJarLocation></sparkYarnJarLocation>
            <hadoop_Conf_Path>$DI_HOME/app/control/hadoop/conf</hadoop_Conf_Path>
            <hdfs_SecAuth></hdfs_SecAuth>
            <sftpAuthMode></sftpAuthMode>
            <pvtKeyFileNm></pvtKeyFileNm>
          </conn>
          <conn_Dbs>
            <conn_Db conn_Id="204916" conn_Db_Id="204916000" nm="TF6CYFILES" description="" databaseNm="TF6CYFILES" dbParamNm="$DB_DB_DB2_MEDL_SCOTIAPRO_TF6_TF6CYFILES" schemaNm="TF6CYFILES" schemaParamNm="$SC_DB_DB2_MEDL_SCOTIAPRO_TF6_TF6CYFILES_TF6CYFILES" stgDb_Flag="N" srt_Order="0" updateDt="2017-08-11 04:39:19.398 UTC" updateBy="mbs"/>
          </conn_Dbs>
          <conn_Usr conn_Id="204916" conn_Usr_Id="204916" conn_Usr="TF6EDLRDR" usrPasswd="FmjekcsaJ5R9bTF4pFEuPw==" connUsrParamNm="" usrPasswdParamNm="" updateDt="2017-08-11 04:39:19.400 UTC" updateBy="mbs"/>
          <flagent flagent_Id="-1" nm="" description="" host="" port="" drFlag="Y" updateDt="1900-01-01 00:00:00.0 UTC" updateBy="" error_Cd="0" error_Msg=""/>
          <flagent_Grp flagent_Grp_Id="66610" nm="mx_lin" description="Mexico Linux group" updateDt="2017-08-01 19:03:34.941 UTC" updateBy="ashah" error_Cd="0" error_Msg=""/>
          <conn_Obj_Properties/>
        </repConn>
      </connections>
      <reusables/>
      <nativeSequences/>
    </fldrObject>
  </folders>
</repository>