<repository rep_Id="11" fldr_Id="-1" nm="DIREP" description="DI Repository" updateBy="rpunuru" lastUpdateBy="rpunuru" updateDt="2016-08-24 17:45:34.394 UTC" error_Cd="0" error_Msg="" change_Ind="N" ver="36380000" exportLevel="CONN" build_Id="2088" relVer="3.6.0" patch_Id="013" global_Fldr_Id="-1">
  <folders>
    <fldrObject repositoryName="DIREP" error_Cd="0" error_Msg="">
      <fldr fldr_Id="73302" nm="ingest_cr_bbrg" description="" updateBy="Administrator" lastUpdateBy="Administrator" updateDt="2017-02-06 18:07:46.850 UTC" reusableFlag="N" error_Cd="0" error_Msg="" change_Ind="N"/>
      <dataObjects/>
      <dBFuns/>
      <udfs/>
      <layers/>
      <connections>
	  <repConn fldr_Id="66600" lockBy="" mode_Ind="W" unlock_Ind="N" change_Ind="N" error_Cd="0" error_Msg="" ref_Id="-1" ref_Cd="" reusableFlag="N" isDependent="true" isLinkExist="false" fldrNm="ingest_mx_bbcy">
<conn conn_Id="74211" nm="src_manual_feed_datagov" aliasNm="FILE" host="" port="" nativeFlag="N" connParamNm="$CN_FF_FILE_SRC_MANUAL_FEED_DATAGOV" dbTyp_Id="3" connType="N" ver="1" description="" valid_Cd="0" updateDt="2017-02-09 10:46:23.116 UTC" updateBy="jchengamaraju" hdfshost="" hdfsport="" wrhloc="" hadoop_Dist="" flagent_Id="3022" fileloc="/home/jchengamaraju/datagov/landing" ftpFlag="N" ftpHost="" ftpPort="" ftpUsr="" ftpPasswd="" fileProtocol="FTP" secAuth="Simple" hive_Principal="" user_Principal="" secKeyTab="" secToken="" url="https://www.salesforce.com/services/Soap/c/23.0" dbVersion="" exe_Engine="mr" hdfs_Temp_Loc="/tmp" yarnRMHost="" yarnRMPort="" mrJobHistHost="" mrJobHistPort="" hdfsPrincipal="" yarnPrincipal="" mapRedPrincipal="" hdfs_Location="" jobTracker_Host="" jobTracker_Port="" agentGrpInd="G" dbAliasNm="" hbase_Master_Host="" hbase_Master_Port="" zookeeper_Quorum_Host="" zookeeper_Client_Port="" hbase_Location="" spark_WebUrl_Port="" zookeeper_Znode_Parent="/hbase" consumerKey="" consumerSecret="" accessToken="" accessTokenSecret="" queueNm="" kerb_Server="" kdc_Host="" default_Releam="" archive_Dir_Flg="N" archive_Dir_Loc="$$ArchFileDir">
<hiveServe2HACnf_Flg>N</hiveServe2HACnf_Flg>
<dfsHAConfig_Flg>N</dfsHAConfig_Flg>
<dfsNameService></dfsNameService>
<nameNodeIDs></nameNodeIDs>
<rpcAddrNameNodeID1></rpcAddrNameNodeID1>
<rpcAddrNameNodeID2></rpcAddrNameNodeID2>
<zookeeperNameSpace></zookeeperNameSpace>
<amazonS3Host></amazonS3Host>
<bucketNm></bucketNm>
<tempLoc_Azs3></tempLoc_Azs3>
<amzon_s3_mount></amzon_s3_mount>
<clusterNm></clusterNm>
<jmsProvider>JMS</jmsProvider>
<jmsProviderURL></jmsProviderURL>
<destinationType>Topic</destinationType>
<destinationNm></destinationNm>
<connectionFactory></connectionFactory>
<sparkMode></sparkMode>
<sparkYarnJarLocation></sparkYarnJarLocation>
<hadoop_Conf_Path>$DI_HOME/app/control/hadoop/conf</hadoop_Conf_Path>
<hdfs_SecAuth></hdfs_SecAuth>
<sftpAuthMode>password</sftpAuthMode>
<pvtKeyFileNm></pvtKeyFileNm>
</conn>
<conn_Dbs/>
<conn_Usr conn_Id="74211" conn_Usr_Id="74211" conn_Usr="" usrPasswd="" connUsrParamNm="" usrPasswdParamNm="" updateDt="2017-02-09 10:46:23.117 UTC" updateBy="jchengamaraju"/>
<flagent flagent_Id="-1" nm="" description="" host="" port="" drFlag="Y" updateDt="1900-01-01 00:00:00.0 UTC" updateBy="" error_Cd="0" error_Msg=""/>
<flagent_Grp flagent_Grp_Id="3022" nm="edl_lin" description="Assigned edl_dev_lin to Project  ingest_mx_bbcy and edl_bbbf" updateDt="2017-03-08 13:32:44.667 UTC" updateBy="Administrator" error_Cd="0" error_Msg=""/>
<conn_Obj_Properties/>
</repConn>
</connections>
<reusables/>
<nativeSequences/>
</fldrObject>
</folders>
</repository>